{
  "project_info": {
    "project_number": "240180504650",
    "firebase_url": "https://woyo-15a00-default-rtdb.firebaseio.com",
    "project_id": "woyo-15a00",
    "storage_bucket": "woyo-15a00.appspot.com"
  },
  "client": [
    {
      "client_info": {
        "mobilesdk_app_id": "1:240180504650:android:854c53902a7dae0d1a5eb3",
        "android_client_info": {
          "package_name": "com.woyodriver"
        }
      },
      "oauth_client": [
        {
          "client_id": "240180504650-s6malrg48qj9pees10fppidn9i0h4r5p.apps.googleusercontent.com",
          "client_type": 3
        }
      ],
      "api_key": [
        {
          "current_key": "AIzaSyBgm_JMzTR7Bd-4U3ri-1T0JV5YASElV3I"
        }
      ],
      "services": {
        "appinvite_service": {
          "other_platform_oauth_client": [
            {
              "client_id": "240180504650-s6malrg48qj9pees10fppidn9i0h4r5p.apps.googleusercontent.com",
              "client_type": 3
            }
          ]
        }
      }
    },
    {
      "client_info": {
        "mobilesdk_app_id": "1:240180504650:android:3cbe2285fdc57ff41a5eb3",
        "android_client_info": {
          "package_name": "product.customer.woyo"
        }
      },
      "oauth_client": [
        {
          "client_id": "240180504650-s6malrg48qj9pees10fppidn9i0h4r5p.apps.googleusercontent.com",
          "client_type": 3
        }
      ],
      "api_key": [
        {
          "current_key": "AIzaSyBgm_JMzTR7Bd-4U3ri-1T0JV5YASElV3I"
        }
      ],
      "services": {
        "appinvite_service": {
          "other_platform_oauth_client": [
            {
              "client_id": "240180504650-s6malrg48qj9pees10fppidn9i0h4r5p.apps.googleusercontent.com",
              "client_type": 3
            }
          ]
        }
      }
    }
  ],
  "configuration_version": "1"
}